--
-- PostgreSQL database dump
--

-- Dumped from database version 14.5 (Debian 14.5-2.pgdg110+2)
-- Dumped by pg_dump version 14.5 (Debian 14.5-2.pgdg110+2)

SET statement_timeout = 0;
SET lock_timeout = 0;
SET idle_in_transaction_session_timeout = 0;
SET client_encoding = 'UTF8';
SET standard_conforming_strings = on;
SELECT pg_catalog.set_config('search_path', '', false);
SET check_function_bodies = false;
SET xmloption = content;
SET client_min_messages = warning;
SET row_security = off;

SET default_tablespace = '';

SET default_table_access_method = heap;

--
-- Name: auth_group; Type: TABLE; Schema: public; Owner: postgres
--

CREATE TABLE public.auth_group (
    id integer NOT NULL,
    name character varying(150) NOT NULL
);


ALTER TABLE public.auth_group OWNER TO postgres;

--
-- Name: auth_group_id_seq; Type: SEQUENCE; Schema: public; Owner: postgres
--

ALTER TABLE public.auth_group ALTER COLUMN id ADD GENERATED BY DEFAULT AS IDENTITY (
    SEQUENCE NAME public.auth_group_id_seq
    START WITH 1
    INCREMENT BY 1
    NO MINVALUE
    NO MAXVALUE
    CACHE 1
);


--
-- Name: auth_group_permissions; Type: TABLE; Schema: public; Owner: postgres
--

CREATE TABLE public.auth_group_permissions (
    id bigint NOT NULL,
    group_id integer NOT NULL,
    permission_id integer NOT NULL
);


ALTER TABLE public.auth_group_permissions OWNER TO postgres;

--
-- Name: auth_group_permissions_id_seq; Type: SEQUENCE; Schema: public; Owner: postgres
--

ALTER TABLE public.auth_group_permissions ALTER COLUMN id ADD GENERATED BY DEFAULT AS IDENTITY (
    SEQUENCE NAME public.auth_group_permissions_id_seq
    START WITH 1
    INCREMENT BY 1
    NO MINVALUE
    NO MAXVALUE
    CACHE 1
);


--
-- Name: auth_permission; Type: TABLE; Schema: public; Owner: postgres
--

CREATE TABLE public.auth_permission (
    id integer NOT NULL,
    name character varying(255) NOT NULL,
    content_type_id integer NOT NULL,
    codename character varying(100) NOT NULL
);


ALTER TABLE public.auth_permission OWNER TO postgres;

--
-- Name: auth_permission_id_seq; Type: SEQUENCE; Schema: public; Owner: postgres
--

ALTER TABLE public.auth_permission ALTER COLUMN id ADD GENERATED BY DEFAULT AS IDENTITY (
    SEQUENCE NAME public.auth_permission_id_seq
    START WITH 1
    INCREMENT BY 1
    NO MINVALUE
    NO MAXVALUE
    CACHE 1
);


--
-- Name: django_admin_log; Type: TABLE; Schema: public; Owner: postgres
--

CREATE TABLE public.django_admin_log (
    id integer NOT NULL,
    action_time timestamp with time zone NOT NULL,
    object_id text,
    object_repr character varying(200) NOT NULL,
    action_flag smallint NOT NULL,
    change_message text NOT NULL,
    content_type_id integer,
    user_id bigint NOT NULL,
    CONSTRAINT django_admin_log_action_flag_check CHECK ((action_flag >= 0))
);


ALTER TABLE public.django_admin_log OWNER TO postgres;

--
-- Name: django_admin_log_id_seq; Type: SEQUENCE; Schema: public; Owner: postgres
--

ALTER TABLE public.django_admin_log ALTER COLUMN id ADD GENERATED BY DEFAULT AS IDENTITY (
    SEQUENCE NAME public.django_admin_log_id_seq
    START WITH 1
    INCREMENT BY 1
    NO MINVALUE
    NO MAXVALUE
    CACHE 1
);


--
-- Name: django_content_type; Type: TABLE; Schema: public; Owner: postgres
--

CREATE TABLE public.django_content_type (
    id integer NOT NULL,
    app_label character varying(100) NOT NULL,
    model character varying(100) NOT NULL
);


ALTER TABLE public.django_content_type OWNER TO postgres;

--
-- Name: django_content_type_id_seq; Type: SEQUENCE; Schema: public; Owner: postgres
--

ALTER TABLE public.django_content_type ALTER COLUMN id ADD GENERATED BY DEFAULT AS IDENTITY (
    SEQUENCE NAME public.django_content_type_id_seq
    START WITH 1
    INCREMENT BY 1
    NO MINVALUE
    NO MAXVALUE
    CACHE 1
);


--
-- Name: django_migrations; Type: TABLE; Schema: public; Owner: postgres
--

CREATE TABLE public.django_migrations (
    id bigint NOT NULL,
    app character varying(255) NOT NULL,
    name character varying(255) NOT NULL,
    applied timestamp with time zone NOT NULL
);


ALTER TABLE public.django_migrations OWNER TO postgres;

--
-- Name: django_migrations_id_seq; Type: SEQUENCE; Schema: public; Owner: postgres
--

ALTER TABLE public.django_migrations ALTER COLUMN id ADD GENERATED BY DEFAULT AS IDENTITY (
    SEQUENCE NAME public.django_migrations_id_seq
    START WITH 1
    INCREMENT BY 1
    NO MINVALUE
    NO MAXVALUE
    CACHE 1
);


--
-- Name: django_session; Type: TABLE; Schema: public; Owner: postgres
--

CREATE TABLE public.django_session (
    session_key character varying(40) NOT NULL,
    session_data text NOT NULL,
    expire_date timestamp with time zone NOT NULL
);


ALTER TABLE public.django_session OWNER TO postgres;

--
-- Name: knox_authtoken; Type: TABLE; Schema: public; Owner: postgres
--

CREATE TABLE public.knox_authtoken (
    digest character varying(128) NOT NULL,
    created timestamp with time zone NOT NULL,
    user_id bigint NOT NULL,
    expiry timestamp with time zone,
    token_key character varying(8) NOT NULL
);


ALTER TABLE public.knox_authtoken OWNER TO postgres;

--
-- Name: users_user; Type: TABLE; Schema: public; Owner: postgres
--

CREATE TABLE public.users_user (
    id bigint NOT NULL,
    password character varying(128) NOT NULL,
    last_login timestamp with time zone,
    username character varying(150) NOT NULL,
    email character varying(254) NOT NULL,
    daily_limit double precision NOT NULL,
    is_active boolean NOT NULL,
    is_staff boolean NOT NULL,
    is_superuser boolean NOT NULL
);


ALTER TABLE public.users_user OWNER TO postgres;

--
-- Name: users_user_groups; Type: TABLE; Schema: public; Owner: postgres
--

CREATE TABLE public.users_user_groups (
    id bigint NOT NULL,
    user_id bigint NOT NULL,
    group_id integer NOT NULL
);


ALTER TABLE public.users_user_groups OWNER TO postgres;

--
-- Name: users_user_groups_id_seq; Type: SEQUENCE; Schema: public; Owner: postgres
--

ALTER TABLE public.users_user_groups ALTER COLUMN id ADD GENERATED BY DEFAULT AS IDENTITY (
    SEQUENCE NAME public.users_user_groups_id_seq
    START WITH 1
    INCREMENT BY 1
    NO MINVALUE
    NO MAXVALUE
    CACHE 1
);


--
-- Name: users_user_id_seq; Type: SEQUENCE; Schema: public; Owner: postgres
--

ALTER TABLE public.users_user ALTER COLUMN id ADD GENERATED BY DEFAULT AS IDENTITY (
    SEQUENCE NAME public.users_user_id_seq
    START WITH 1
    INCREMENT BY 1
    NO MINVALUE
    NO MAXVALUE
    CACHE 1
);


--
-- Name: users_user_user_permissions; Type: TABLE; Schema: public; Owner: postgres
--

CREATE TABLE public.users_user_user_permissions (
    id bigint NOT NULL,
    user_id bigint NOT NULL,
    permission_id integer NOT NULL
);


ALTER TABLE public.users_user_user_permissions OWNER TO postgres;

--
-- Name: users_user_user_permissions_id_seq; Type: SEQUENCE; Schema: public; Owner: postgres
--

ALTER TABLE public.users_user_user_permissions ALTER COLUMN id ADD GENERATED BY DEFAULT AS IDENTITY (
    SEQUENCE NAME public.users_user_user_permissions_id_seq
    START WITH 1
    INCREMENT BY 1
    NO MINVALUE
    NO MAXVALUE
    CACHE 1
);


--
-- Data for Name: auth_group; Type: TABLE DATA; Schema: public; Owner: postgres
--

COPY public.auth_group (id, name) FROM stdin;
1	Staff
\.


--
-- Data for Name: auth_group_permissions; Type: TABLE DATA; Schema: public; Owner: postgres
--

COPY public.auth_group_permissions (id, group_id, permission_id) FROM stdin;
1	1	24
2	1	21
3	1	22
4	1	23
\.


--
-- Data for Name: auth_permission; Type: TABLE DATA; Schema: public; Owner: postgres
--

COPY public.auth_permission (id, name, content_type_id, codename) FROM stdin;
1	Can add log entry	1	add_logentry
2	Can change log entry	1	change_logentry
3	Can delete log entry	1	delete_logentry
4	Can view log entry	1	view_logentry
5	Can add permission	2	add_permission
6	Can change permission	2	change_permission
7	Can delete permission	2	delete_permission
8	Can view permission	2	view_permission
9	Can add group	3	add_group
10	Can change group	3	change_group
11	Can delete group	3	delete_group
12	Can view group	3	view_group
13	Can add content type	4	add_contenttype
14	Can change content type	4	change_contenttype
15	Can delete content type	4	delete_contenttype
16	Can view content type	4	view_contenttype
17	Can add session	5	add_session
18	Can change session	5	change_session
19	Can delete session	5	delete_session
20	Can view session	5	view_session
21	Can add user	6	add_user
22	Can change user	6	change_user
23	Can delete user	6	delete_user
24	Can view user	6	view_user
25	Can add auth token	7	add_authtoken
26	Can change auth token	7	change_authtoken
27	Can delete auth token	7	delete_authtoken
28	Can view auth token	7	view_authtoken
\.


--
-- Data for Name: django_admin_log; Type: TABLE DATA; Schema: public; Owner: postgres
--

COPY public.django_admin_log (id, action_time, object_id, object_repr, action_flag, change_message, content_type_id, user_id) FROM stdin;
1	2023-05-10 21:08:05.461507+00	1	leonovdmitriy02@gmail.com	2	[{"changed": {"fields": ["Is superuser"]}}]	6	1
2	2023-05-10 21:22:05.228263+00	1	leonovdmitriy02@gmail.com	2	[{"changed": {"fields": ["Superuser status"]}}]	6	1
3	2023-05-10 21:26:36.375574+00	1	leonovdmitriy02@gmail.com	2	[{"changed": {"fields": ["Is staff"]}}]	6	1
4	2023-05-11 08:56:57.693496+00	2	testuser1@gmail.com	1	[{"added": {}}]	6	1
5	2023-05-11 08:57:32.934339+00	3	testuser2@gmail.com	1	[{"added": {}}]	6	1
6	2023-05-11 09:32:37.222046+00	2	testuser1@gmail.com	2	[{"changed": {"fields": ["Password"]}}]	6	1
7	2023-05-11 09:46:00.223651+00	None	asdf@gmail.com	1	[{"added": {}}]	6	1
8	2023-05-11 09:56:26.688879+00	4	asdf@gmail.com	3		6	1
9	2023-05-11 09:56:26.693707+00	3	testuser2@gmail.com	3		6	1
10	2023-05-11 09:56:26.695027+00	2	testuser1@gmail.com	3		6	1
11	2023-05-11 10:11:03.367195+00	1	lonovdmitriy02@gmail.com	2	[{"changed": {"fields": ["Email"]}}]	6	1
12	2023-05-11 10:11:07.503162+00	1	leonovdmitriy02@gmail.com	2	[{"changed": {"fields": ["Email"]}}]	6	1
13	2023-05-11 10:12:18.204889+00	5	leonovdmitriy03@gmail.com	1	[{"added": {}}]	6	1
14	2023-05-11 10:13:27.851383+00	5	leonovdmitriy03@gmail.com	3		6	1
15	2023-05-11 17:27:06.018098+00	1	Staff	1	[{"added": {}}]	3	1
16	2023-05-11 17:27:36.084106+00	6	staff1@gmail.com	1	[{"added": {}}]	6	1
17	2023-05-11 17:28:04.893574+00	6	staff1@gmail.com	2	[{"changed": {"fields": ["Superuser status"]}}]	6	6
18	2023-05-11 17:28:23.751866+00	6	staff1@gmail.com	2	[{"changed": {"fields": ["Superuser status"]}}]	6	6
19	2023-05-11 17:28:52.919493+00	7	testuser1@gmail.com	1	[{"added": {}}]	6	6
20	2023-05-11 17:29:00.875134+00	7	testuser1@gmail.com	2	[]	6	6
21	2023-05-11 19:22:04.118229+00	8	staff2@gmail.com	1	[{"added": {}}]	6	1
22	2023-05-12 05:34:56.16568+00	6c9b4cc2e59dafd0a1c6a2c89d92dea93e833c839ab25e6e2a0d277b8d27f9fa02d17e9b78f11cf8ddae4f22e88b83ba3890370bde7609f1a92cdef4d393cc5e	6c9b4cc2e59dafd0a1c6a2c89d92dea93e833c839ab25e6e2a0d277b8d27f9fa02d17e9b78f11cf8ddae4f22e88b83ba3890370bde7609f1a92cdef4d393cc5e : staff1@gmail.com	3		7	1
23	2023-05-12 05:34:56.169448+00	63a5c7dc208946cd7edb5d347a1374efcefc383316e5566372a700ec7a9feb8e56e8dc2c63ecab7a32c31185d902c7a5821d545b3474258122041e5ad3253a2d	63a5c7dc208946cd7edb5d347a1374efcefc383316e5566372a700ec7a9feb8e56e8dc2c63ecab7a32c31185d902c7a5821d545b3474258122041e5ad3253a2d : staff1@gmail.com	3		7	1
24	2023-05-12 05:34:56.170625+00	161f2333f3e84611828864e12c16707d66fbaa555181b259214ba08af19bf72c06f1026556d07ec26caa5745ef0d32f5eccf12f814aa5c5eeb05eafc5e40dbdd	161f2333f3e84611828864e12c16707d66fbaa555181b259214ba08af19bf72c06f1026556d07ec26caa5745ef0d32f5eccf12f814aa5c5eeb05eafc5e40dbdd : staff1@gmail.com	3		7	1
25	2023-05-12 06:08:27.903851+00	f92f9759affa67086475b4e3dc83eb484a4d522b18c11d7186a6145c832e33e61c69e242a66d7f5d5b48807e028047d3442837536a638bf198f3871b5e92dc1c	f92f9759affa67086475b4e3dc83eb484a4d522b18c11d7186a6145c832e33e61c69e242a66d7f5d5b48807e028047d3442837536a638bf198f3871b5e92dc1c : staff1@gmail.com	3		7	1
26	2023-05-12 06:08:27.90599+00	e814a7f1ba99ef2ffc6692c7fd4f033dec7ecea23747bb93a31dd5a5b93497333105867d702623aedc0f700e52580092e287f7dcd378cb18e30d2e4de0304925	e814a7f1ba99ef2ffc6692c7fd4f033dec7ecea23747bb93a31dd5a5b93497333105867d702623aedc0f700e52580092e287f7dcd378cb18e30d2e4de0304925 : staff1@gmail.com	3		7	1
27	2023-05-12 06:08:27.90746+00	249a901e4b686e577a02323ec4aa607bc3c041698fd0f667aad0699e6c254c82db717546aae855854280a600ff610c3533555889efe120d2da437843eb9e3b21	249a901e4b686e577a02323ec4aa607bc3c041698fd0f667aad0699e6c254c82db717546aae855854280a600ff610c3533555889efe120d2da437843eb9e3b21 : staff2@gmail.com	3		7	1
28	2023-05-12 06:08:27.908527+00	18c39cd5b69707b980da0a83f578a2109a5497dace47123949cce2d8cf4bf2c1fa786445ab32b6ea786f268e2a932aed6ff4b6d8cad86187a7a064a4cad327db	18c39cd5b69707b980da0a83f578a2109a5497dace47123949cce2d8cf4bf2c1fa786445ab32b6ea786f268e2a932aed6ff4b6d8cad86187a7a064a4cad327db : staff1@gmail.com	3		7	1
\.


--
-- Data for Name: django_content_type; Type: TABLE DATA; Schema: public; Owner: postgres
--

COPY public.django_content_type (id, app_label, model) FROM stdin;
1	admin	logentry
2	auth	permission
3	auth	group
4	contenttypes	contenttype
5	sessions	session
6	users	user
7	knox	authtoken
\.


--
-- Data for Name: django_migrations; Type: TABLE DATA; Schema: public; Owner: postgres
--

COPY public.django_migrations (id, app, name, applied) FROM stdin;
1	users	0001_initial	2023-05-10 10:10:05.038095+00
2	contenttypes	0001_initial	2023-05-10 10:10:05.04687+00
3	admin	0001_initial	2023-05-10 10:10:05.061091+00
4	admin	0002_logentry_remove_auto_add	2023-05-10 10:10:05.064532+00
5	admin	0003_logentry_add_action_flag_choices	2023-05-10 10:10:05.068127+00
6	contenttypes	0002_remove_content_type_name	2023-05-10 10:10:05.075321+00
7	auth	0001_initial	2023-05-10 10:10:05.105633+00
8	auth	0002_alter_permission_name_max_length	2023-05-10 10:10:05.110601+00
9	auth	0003_alter_user_email_max_length	2023-05-10 10:10:05.115988+00
10	auth	0004_alter_user_username_opts	2023-05-10 10:10:05.120182+00
11	auth	0005_alter_user_last_login_null	2023-05-10 10:10:05.125907+00
12	auth	0006_require_contenttypes_0002	2023-05-10 10:10:05.128173+00
13	auth	0007_alter_validators_add_error_messages	2023-05-10 10:10:05.132338+00
14	auth	0008_alter_user_username_max_length	2023-05-10 10:10:05.13657+00
15	auth	0009_alter_user_last_name_max_length	2023-05-10 10:10:05.141568+00
16	auth	0010_alter_group_name_max_length	2023-05-10 10:10:05.147673+00
17	auth	0011_update_proxy_permissions	2023-05-10 10:10:05.152981+00
18	auth	0012_alter_user_first_name_max_length	2023-05-10 10:10:05.158405+00
19	sessions	0001_initial	2023-05-10 10:10:05.169932+00
20	users	0002_alter_user_daily_limit	2023-05-10 21:06:19.599218+00
21	users	0003_user_groups_user_user_permissions_and_more	2023-05-10 21:21:22.982477+00
22	knox	0001_initial	2023-05-11 07:58:57.960194+00
23	knox	0002_auto_20150916_1425	2023-05-11 07:58:57.978794+00
24	knox	0003_auto_20150916_1526	2023-05-11 07:58:57.988768+00
25	knox	0004_authtoken_expires	2023-05-11 07:58:57.995978+00
26	knox	0005_authtoken_token_key	2023-05-11 07:58:58.006649+00
27	knox	0006_auto_20160818_0932	2023-05-11 07:58:58.019436+00
28	knox	0007_auto_20190111_0542	2023-05-11 07:58:58.025075+00
29	knox	0008_remove_authtoken_salt	2023-05-11 07:58:58.031547+00
\.


--
-- Data for Name: django_session; Type: TABLE DATA; Schema: public; Owner: postgres
--

COPY public.django_session (session_key, session_data, expire_date) FROM stdin;
jteh0y7eh3f88awsurxt2wlohl0o0nuv	.eJxVjDsOwjAQBe_iGller3-hpM8ZLHvX4ABypDipEHeHSCmgfTPzXiKmba1x62WJE4uzAHH63XKiR2k74Htqt1nS3NZlynJX5EG7HGcuz8vh_h3U1Ou3zgxKOVuuaJgxZYSggiuOPEEgbcB6bZ01ljQMiB4pDMBoEhbtg1Li_QHFzzZ0:1pxLQW:-CzLxtNRxgwHdJcyAbWZypYtMp5X48Jbhv38LOJjauQ	2023-05-26 05:34:48.248235+00
\.


--
-- Data for Name: knox_authtoken; Type: TABLE DATA; Schema: public; Owner: postgres
--

COPY public.knox_authtoken (digest, created, user_id, expiry, token_key) FROM stdin;
0c6e86769e82eca648d9a737f32eb9d6020ba0763676e0b44b6b8f57400d8490bb4a207e2f3cd0bd1fd0116276b692fa763a2cf83e0b3aedc16a456f95f8a1aa	2023-05-12 06:08:40.830904+00	6	2023-06-11 06:08:40.830675+00	d62b7a01
046008978b6bc70cbacb055c3bcacccf661b6b264f3344bcf5d0d728c0b1b0942258be72f3544c7eb121c388dff43be277f66216588ba50ec470c8178afa73d2	2023-05-12 06:08:44.642128+00	8	2023-06-11 06:08:44.641873+00	b54338c8
5bffef5398bb31001441eea75a61ed76230a20e63d1e0cc94e381cc8757e6fef2cfa869c0bc74f3c9c5687e90da61a3ab0afebb876610897bad464cf04cb405b	2023-05-12 06:08:57.299381+00	1	2023-06-11 06:08:57.299138+00	1c167963
\.


--
-- Data for Name: users_user; Type: TABLE DATA; Schema: public; Owner: postgres
--

COPY public.users_user (id, password, last_login, username, email, daily_limit, is_active, is_staff, is_superuser) FROM stdin;
7	pbkdf2_sha256$600000$NgSO1J9bVH3mNwxw0KHCXt$iA+S4pjAS3VvI9+G3KL+xNf52FohkaFFv9HSGcdLFQk=	\N	Test User 1	testuser1@gmail.com	100	t	f	f
6	pbkdf2_sha256$600000$uLTFEM6rNsd28dsWBIkR8p$XpueZOqorDv8/eHYckfc5ef+PcqnCd4ZQo+gUCO2jXY=	2023-05-11 19:16:57.735375+00	Staff 1	staff1@gmail.com	100	t	t	f
8	pbkdf2_sha256$600000$HnlbnOHkrl2RQPXWn74qHQ$NF7o7jVUVrRCMy2ZvntSV39ke/hNFE0gQga2Vs1qGQA=	2023-05-11 19:22:15.978408+00	staff 2	staff2@gmail.com	100	t	t	f
1	pbkdf2_sha256$600000$RSXJijJjlYgnLXcg8uBwUm$v1IbpFxVcu8m7aomiA78fOQ+6k3RbjrwPp2dQ+RR6Ng=	2023-05-12 05:34:48.24656+00	Dmytro Leonov	leonovdmitriy02@gmail.com	100	t	t	t
\.


--
-- Data for Name: users_user_groups; Type: TABLE DATA; Schema: public; Owner: postgres
--

COPY public.users_user_groups (id, user_id, group_id) FROM stdin;
1	6	1
2	8	1
\.


--
-- Data for Name: users_user_user_permissions; Type: TABLE DATA; Schema: public; Owner: postgres
--

COPY public.users_user_user_permissions (id, user_id, permission_id) FROM stdin;
\.


--
-- Name: auth_group_id_seq; Type: SEQUENCE SET; Schema: public; Owner: postgres
--

SELECT pg_catalog.setval('public.auth_group_id_seq', 1, true);


--
-- Name: auth_group_permissions_id_seq; Type: SEQUENCE SET; Schema: public; Owner: postgres
--

SELECT pg_catalog.setval('public.auth_group_permissions_id_seq', 4, true);


--
-- Name: auth_permission_id_seq; Type: SEQUENCE SET; Schema: public; Owner: postgres
--

SELECT pg_catalog.setval('public.auth_permission_id_seq', 28, true);


--
-- Name: django_admin_log_id_seq; Type: SEQUENCE SET; Schema: public; Owner: postgres
--

SELECT pg_catalog.setval('public.django_admin_log_id_seq', 28, true);


--
-- Name: django_content_type_id_seq; Type: SEQUENCE SET; Schema: public; Owner: postgres
--

SELECT pg_catalog.setval('public.django_content_type_id_seq', 7, true);


--
-- Name: django_migrations_id_seq; Type: SEQUENCE SET; Schema: public; Owner: postgres
--

SELECT pg_catalog.setval('public.django_migrations_id_seq', 29, true);


--
-- Name: users_user_groups_id_seq; Type: SEQUENCE SET; Schema: public; Owner: postgres
--

SELECT pg_catalog.setval('public.users_user_groups_id_seq', 2, true);


--
-- Name: users_user_id_seq; Type: SEQUENCE SET; Schema: public; Owner: postgres
--

SELECT pg_catalog.setval('public.users_user_id_seq', 8, true);


--
-- Name: users_user_user_permissions_id_seq; Type: SEQUENCE SET; Schema: public; Owner: postgres
--

SELECT pg_catalog.setval('public.users_user_user_permissions_id_seq', 1, false);


--
-- Name: auth_group auth_group_name_key; Type: CONSTRAINT; Schema: public; Owner: postgres
--

ALTER TABLE ONLY public.auth_group
    ADD CONSTRAINT auth_group_name_key UNIQUE (name);


--
-- Name: auth_group_permissions auth_group_permissions_group_id_permission_id_0cd325b0_uniq; Type: CONSTRAINT; Schema: public; Owner: postgres
--

ALTER TABLE ONLY public.auth_group_permissions
    ADD CONSTRAINT auth_group_permissions_group_id_permission_id_0cd325b0_uniq UNIQUE (group_id, permission_id);


--
-- Name: auth_group_permissions auth_group_permissions_pkey; Type: CONSTRAINT; Schema: public; Owner: postgres
--

ALTER TABLE ONLY public.auth_group_permissions
    ADD CONSTRAINT auth_group_permissions_pkey PRIMARY KEY (id);


--
-- Name: auth_group auth_group_pkey; Type: CONSTRAINT; Schema: public; Owner: postgres
--

ALTER TABLE ONLY public.auth_group
    ADD CONSTRAINT auth_group_pkey PRIMARY KEY (id);


--
-- Name: auth_permission auth_permission_content_type_id_codename_01ab375a_uniq; Type: CONSTRAINT; Schema: public; Owner: postgres
--

ALTER TABLE ONLY public.auth_permission
    ADD CONSTRAINT auth_permission_content_type_id_codename_01ab375a_uniq UNIQUE (content_type_id, codename);


--
-- Name: auth_permission auth_permission_pkey; Type: CONSTRAINT; Schema: public; Owner: postgres
--

ALTER TABLE ONLY public.auth_permission
    ADD CONSTRAINT auth_permission_pkey PRIMARY KEY (id);


--
-- Name: django_admin_log django_admin_log_pkey; Type: CONSTRAINT; Schema: public; Owner: postgres
--

ALTER TABLE ONLY public.django_admin_log
    ADD CONSTRAINT django_admin_log_pkey PRIMARY KEY (id);


--
-- Name: django_content_type django_content_type_app_label_model_76bd3d3b_uniq; Type: CONSTRAINT; Schema: public; Owner: postgres
--

ALTER TABLE ONLY public.django_content_type
    ADD CONSTRAINT django_content_type_app_label_model_76bd3d3b_uniq UNIQUE (app_label, model);


--
-- Name: django_content_type django_content_type_pkey; Type: CONSTRAINT; Schema: public; Owner: postgres
--

ALTER TABLE ONLY public.django_content_type
    ADD CONSTRAINT django_content_type_pkey PRIMARY KEY (id);


--
-- Name: django_migrations django_migrations_pkey; Type: CONSTRAINT; Schema: public; Owner: postgres
--

ALTER TABLE ONLY public.django_migrations
    ADD CONSTRAINT django_migrations_pkey PRIMARY KEY (id);


--
-- Name: django_session django_session_pkey; Type: CONSTRAINT; Schema: public; Owner: postgres
--

ALTER TABLE ONLY public.django_session
    ADD CONSTRAINT django_session_pkey PRIMARY KEY (session_key);


--
-- Name: knox_authtoken knox_authtoken_pkey; Type: CONSTRAINT; Schema: public; Owner: postgres
--

ALTER TABLE ONLY public.knox_authtoken
    ADD CONSTRAINT knox_authtoken_pkey PRIMARY KEY (digest);


--
-- Name: users_user users_user_email_key; Type: CONSTRAINT; Schema: public; Owner: postgres
--

ALTER TABLE ONLY public.users_user
    ADD CONSTRAINT users_user_email_key UNIQUE (email);


--
-- Name: users_user_groups users_user_groups_pkey; Type: CONSTRAINT; Schema: public; Owner: postgres
--

ALTER TABLE ONLY public.users_user_groups
    ADD CONSTRAINT users_user_groups_pkey PRIMARY KEY (id);


--
-- Name: users_user_groups users_user_groups_user_id_group_id_b88eab82_uniq; Type: CONSTRAINT; Schema: public; Owner: postgres
--

ALTER TABLE ONLY public.users_user_groups
    ADD CONSTRAINT users_user_groups_user_id_group_id_b88eab82_uniq UNIQUE (user_id, group_id);


--
-- Name: users_user users_user_pkey; Type: CONSTRAINT; Schema: public; Owner: postgres
--

ALTER TABLE ONLY public.users_user
    ADD CONSTRAINT users_user_pkey PRIMARY KEY (id);


--
-- Name: users_user_user_permissions users_user_user_permissions_pkey; Type: CONSTRAINT; Schema: public; Owner: postgres
--

ALTER TABLE ONLY public.users_user_user_permissions
    ADD CONSTRAINT users_user_user_permissions_pkey PRIMARY KEY (id);


--
-- Name: users_user_user_permissions users_user_user_permissions_user_id_permission_id_43338c45_uniq; Type: CONSTRAINT; Schema: public; Owner: postgres
--

ALTER TABLE ONLY public.users_user_user_permissions
    ADD CONSTRAINT users_user_user_permissions_user_id_permission_id_43338c45_uniq UNIQUE (user_id, permission_id);


--
-- Name: auth_group_name_a6ea08ec_like; Type: INDEX; Schema: public; Owner: postgres
--

CREATE INDEX auth_group_name_a6ea08ec_like ON public.auth_group USING btree (name varchar_pattern_ops);


--
-- Name: auth_group_permissions_group_id_b120cbf9; Type: INDEX; Schema: public; Owner: postgres
--

CREATE INDEX auth_group_permissions_group_id_b120cbf9 ON public.auth_group_permissions USING btree (group_id);


--
-- Name: auth_group_permissions_permission_id_84c5c92e; Type: INDEX; Schema: public; Owner: postgres
--

CREATE INDEX auth_group_permissions_permission_id_84c5c92e ON public.auth_group_permissions USING btree (permission_id);


--
-- Name: auth_permission_content_type_id_2f476e4b; Type: INDEX; Schema: public; Owner: postgres
--

CREATE INDEX auth_permission_content_type_id_2f476e4b ON public.auth_permission USING btree (content_type_id);


--
-- Name: django_admin_log_content_type_id_c4bce8eb; Type: INDEX; Schema: public; Owner: postgres
--

CREATE INDEX django_admin_log_content_type_id_c4bce8eb ON public.django_admin_log USING btree (content_type_id);


--
-- Name: django_admin_log_user_id_c564eba6; Type: INDEX; Schema: public; Owner: postgres
--

CREATE INDEX django_admin_log_user_id_c564eba6 ON public.django_admin_log USING btree (user_id);


--
-- Name: django_session_expire_date_a5c62663; Type: INDEX; Schema: public; Owner: postgres
--

CREATE INDEX django_session_expire_date_a5c62663 ON public.django_session USING btree (expire_date);


--
-- Name: django_session_session_key_c0390e0f_like; Type: INDEX; Schema: public; Owner: postgres
--

CREATE INDEX django_session_session_key_c0390e0f_like ON public.django_session USING btree (session_key varchar_pattern_ops);


--
-- Name: knox_authtoken_digest_188c7e77_like; Type: INDEX; Schema: public; Owner: postgres
--

CREATE INDEX knox_authtoken_digest_188c7e77_like ON public.knox_authtoken USING btree (digest varchar_pattern_ops);


--
-- Name: knox_authtoken_token_key_8f4f7d47; Type: INDEX; Schema: public; Owner: postgres
--

CREATE INDEX knox_authtoken_token_key_8f4f7d47 ON public.knox_authtoken USING btree (token_key);


--
-- Name: knox_authtoken_token_key_8f4f7d47_like; Type: INDEX; Schema: public; Owner: postgres
--

CREATE INDEX knox_authtoken_token_key_8f4f7d47_like ON public.knox_authtoken USING btree (token_key varchar_pattern_ops);


--
-- Name: knox_authtoken_user_id_e5a5d899; Type: INDEX; Schema: public; Owner: postgres
--

CREATE INDEX knox_authtoken_user_id_e5a5d899 ON public.knox_authtoken USING btree (user_id);


--
-- Name: users_user_email_243f6e77_like; Type: INDEX; Schema: public; Owner: postgres
--

CREATE INDEX users_user_email_243f6e77_like ON public.users_user USING btree (email varchar_pattern_ops);


--
-- Name: users_user_groups_group_id_9afc8d0e; Type: INDEX; Schema: public; Owner: postgres
--

CREATE INDEX users_user_groups_group_id_9afc8d0e ON public.users_user_groups USING btree (group_id);


--
-- Name: users_user_groups_user_id_5f6f5a90; Type: INDEX; Schema: public; Owner: postgres
--

CREATE INDEX users_user_groups_user_id_5f6f5a90 ON public.users_user_groups USING btree (user_id);


--
-- Name: users_user_user_permissions_permission_id_0b93982e; Type: INDEX; Schema: public; Owner: postgres
--

CREATE INDEX users_user_user_permissions_permission_id_0b93982e ON public.users_user_user_permissions USING btree (permission_id);


--
-- Name: users_user_user_permissions_user_id_20aca447; Type: INDEX; Schema: public; Owner: postgres
--

CREATE INDEX users_user_user_permissions_user_id_20aca447 ON public.users_user_user_permissions USING btree (user_id);


--
-- Name: auth_group_permissions auth_group_permissio_permission_id_84c5c92e_fk_auth_perm; Type: FK CONSTRAINT; Schema: public; Owner: postgres
--

ALTER TABLE ONLY public.auth_group_permissions
    ADD CONSTRAINT auth_group_permissio_permission_id_84c5c92e_fk_auth_perm FOREIGN KEY (permission_id) REFERENCES public.auth_permission(id) DEFERRABLE INITIALLY DEFERRED;


--
-- Name: auth_group_permissions auth_group_permissions_group_id_b120cbf9_fk_auth_group_id; Type: FK CONSTRAINT; Schema: public; Owner: postgres
--

ALTER TABLE ONLY public.auth_group_permissions
    ADD CONSTRAINT auth_group_permissions_group_id_b120cbf9_fk_auth_group_id FOREIGN KEY (group_id) REFERENCES public.auth_group(id) DEFERRABLE INITIALLY DEFERRED;


--
-- Name: auth_permission auth_permission_content_type_id_2f476e4b_fk_django_co; Type: FK CONSTRAINT; Schema: public; Owner: postgres
--

ALTER TABLE ONLY public.auth_permission
    ADD CONSTRAINT auth_permission_content_type_id_2f476e4b_fk_django_co FOREIGN KEY (content_type_id) REFERENCES public.django_content_type(id) DEFERRABLE INITIALLY DEFERRED;


--
-- Name: django_admin_log django_admin_log_content_type_id_c4bce8eb_fk_django_co; Type: FK CONSTRAINT; Schema: public; Owner: postgres
--

ALTER TABLE ONLY public.django_admin_log
    ADD CONSTRAINT django_admin_log_content_type_id_c4bce8eb_fk_django_co FOREIGN KEY (content_type_id) REFERENCES public.django_content_type(id) DEFERRABLE INITIALLY DEFERRED;


--
-- Name: django_admin_log django_admin_log_user_id_c564eba6_fk_users_user_id; Type: FK CONSTRAINT; Schema: public; Owner: postgres
--

ALTER TABLE ONLY public.django_admin_log
    ADD CONSTRAINT django_admin_log_user_id_c564eba6_fk_users_user_id FOREIGN KEY (user_id) REFERENCES public.users_user(id) DEFERRABLE INITIALLY DEFERRED;


--
-- Name: knox_authtoken knox_authtoken_user_id_e5a5d899_fk_users_user_id; Type: FK CONSTRAINT; Schema: public; Owner: postgres
--

ALTER TABLE ONLY public.knox_authtoken
    ADD CONSTRAINT knox_authtoken_user_id_e5a5d899_fk_users_user_id FOREIGN KEY (user_id) REFERENCES public.users_user(id) DEFERRABLE INITIALLY DEFERRED;


--
-- Name: users_user_groups users_user_groups_group_id_9afc8d0e_fk_auth_group_id; Type: FK CONSTRAINT; Schema: public; Owner: postgres
--

ALTER TABLE ONLY public.users_user_groups
    ADD CONSTRAINT users_user_groups_group_id_9afc8d0e_fk_auth_group_id FOREIGN KEY (group_id) REFERENCES public.auth_group(id) DEFERRABLE INITIALLY DEFERRED;


--
-- Name: users_user_groups users_user_groups_user_id_5f6f5a90_fk_users_user_id; Type: FK CONSTRAINT; Schema: public; Owner: postgres
--

ALTER TABLE ONLY public.users_user_groups
    ADD CONSTRAINT users_user_groups_user_id_5f6f5a90_fk_users_user_id FOREIGN KEY (user_id) REFERENCES public.users_user(id) DEFERRABLE INITIALLY DEFERRED;


--
-- Name: users_user_user_permissions users_user_user_perm_permission_id_0b93982e_fk_auth_perm; Type: FK CONSTRAINT; Schema: public; Owner: postgres
--

ALTER TABLE ONLY public.users_user_user_permissions
    ADD CONSTRAINT users_user_user_perm_permission_id_0b93982e_fk_auth_perm FOREIGN KEY (permission_id) REFERENCES public.auth_permission(id) DEFERRABLE INITIALLY DEFERRED;


--
-- Name: users_user_user_permissions users_user_user_permissions_user_id_20aca447_fk_users_user_id; Type: FK CONSTRAINT; Schema: public; Owner: postgres
--

ALTER TABLE ONLY public.users_user_user_permissions
    ADD CONSTRAINT users_user_user_permissions_user_id_20aca447_fk_users_user_id FOREIGN KEY (user_id) REFERENCES public.users_user(id) DEFERRABLE INITIALLY DEFERRED;


--
-- PostgreSQL database dump complete
--

